<?xml version="1.0" encoding="utf-8"?>
<install version="1.5" type="plugin" group="system">
    <name>System - Google Analytics</name>
    <author>Thomas Welton</author>
    <creationDate>March 2011</creationDate>
    <copyright>Copyright 2011</copyright>
    <license>GNU/GPL http://www.gnu.org/copyleft/gpl.html</license>
    <authorEmail>thomaswelton@me.com</authorEmail>
    <authorUrl>http://www.myapi.co.uk</authorUrl>
    <version>1.0</version>
    <description>Google Analytics</description>
    <files>
        <filename plugin="googleAnalytics">googleAnalytics.php</filename>
    </files>
</install>