<?xml version="1.0" encoding="utf-8"?>
<extension version="1.7" type="plugin" group="system">
	<name>plg_system_cdn</name>
	<author>Thomas Welton</author>
	<creationDate>February 2007</creationDate>
	<copyright>Copyright (C) 2005 - 2011 Open Source Matters. All rights reserved.</copyright>
	<license>GNU General Public License version 2 or later; see LICENSE.txt</license>
	<authorEmail>admin@joomla.org</authorEmail>
	<authorUrl>www.joomla.org</authorUrl>
	<version>1.7.0</version>
	<description>CDN plugin</description>
	<files>
		<filename plugin="cdn">cdn.php</filename>
		<filename>index.html</filename>
		<filename>CommentPreserver.php</filename>
		<filename>CSS.php</filename>
		<filename>HTML.php</filename>
		<filename>initjs.php</filename>
		<filename>jsmin.php</filename>
		
		<folder>cloudfiles</folder>
		<folder>CSS</folder>
		
	</files>
	<languages>
	</languages>
	<config>
	<fields name="params" addfieldpath="/plugins/system/cdn/fields">
		<fieldset name="Basic">
			<field name="compressStyles" type="radio" default="0" label="Compress Styles" description="Compress and minify CSS stylesheets">
			  <option value="0">No</option>
			  <option value="1">Yes</option>
			</field>
			<field name="combinedStyles" type="radio" default="0" label="Combine Styles" description="Combine multiple CSS styelsheets into one single file">
			  <option value="0">No</option>
			  <option value="1">Yes</option>
			</field>
			<field name="compressScripts" type="radio" default="0" label="Compress Javascript" description="Compress and minify Javascript files">
			  <option value="0">No</option>
			  <option value="1">Yes</option>
			</field>
			<field name="combineScripts" type="radio" default="0" label="Combine Javascript" description="Combine multiple Javascript files into one single file">
			  <option value="0">No</option>
			  <option value="1">Yes</option>
			</field>
			<field name="deferScripts" type="radio" default="0" label="Defer Javascript" description="Defer to loading of Javascript">
			  <option value="0">No</option>
			  <option value="1">Yes</option>
			</field>
			
			<field name="cdnImages" type="radio" default="0" label="Images CDN" description="Store images on the CDN">
			  <option value="0">No</option>
			  <option value="1">Yes</option>
			</field>
			<field name="cdnCss" type="radio" default="0" label="CSS CDN" description="Store CSS on the CDN">
			  <option value="0">No</option>
			  <option value="1">Yes</option>
			</field>
			<field name="cdnScripts" type="radio" default="0" label="Javscript CDN" description="Store Javscript files on the CDN">
			  <option value="0">No</option>
			  <option value="1">Yes</option>
			</field>
			
			<field name="ignoreCombineCss" type="textarea" default="" label="Exclude files" description="Files specified here will never be combined. Enter the full fille name and extension seperated by a new line" rows="3" cols="20" />
			
			<field name="username" type="text" default="" label="Username" description="Rackspace API Username" size="20" />
			<field name="apikey" type="text" default="" label="Rackspace API Key" description="" size="50" />
			<field name="cdnhost" type="list" default="UK_AUTHURL" label="Rackspace Account Host" description="Rackspace account location.">
			  <option value="UK_AUTHURL">UK</option>
			  <option value="US_AUTHURL">USA</option>
			</field>
			<field name="container" type="text" default="" label="Cloud Files Container" description="The rackspace cloud files container, if the name you specify does not exist it will be made for you." size="20" />
			
			<field name="assetsDirectories" type="Asset" label="Asset Directories" description="Any assets included using relatvie paths in your CSS will now be relative to the CDN. You will need to upload these assets to the CDN, and use you own cache breaker if required." />
		</fieldset>

	</fields>
	</config>
</extension>
