<?xml version="1.0" encoding="utf-8"?>
<install version="1.5" type="plugin" group="system">
	<name>System - Twitter Stream</name>
	<author>Thomas Welton</author>
	<creationDate>April 2011</creationDate>
	<copyright>Copyright (C) 2010</copyright>
	<license>GNU/GPL http://www.gnu.org/copyleft/gpl.html</license>
	<authorEmail>thomaswelton@me.com</authorEmail>
	<authorUrl>www.myapi.co.uk</authorUrl>
	<version>1.0</version>
	<description>Listens for the system tweet notifications</description>
	<files>
		<filename plugin="twitterStream">twitterStream.php</filename>
	</files>
	
	<languages>
		<language tag="en-GB">languages/en-GB.plg_system_twitterStream.ini</language>
	</languages>
</install>
